Id,,Name,,Date,,Time,,Contact Number
1,,riti,,14-05-2024,,13:02:40,,34
1,,riti,,14-05-2024,,13:07:27,,34
3,,priyanka,,14-05-2024,,13:08:33,,678
2,,nick jonas,,14-05-2024,,13:09:51,,67891
3,,priyanka,,14-05-2024,,13:14:40,,678
1,,riti,,14-05-2024,,16:11:29,,34
1.,,riti,,14-05-2024,,16:12:36,,89353878e+
1.,,riti,,14-05-2024,,16:13:27,,89353878e+
1.,,riti,,14-05-2024,,17:04:51,,89353878e+
65,,riti,,14-05-2024,,17:15:59,,98935387
65,,riti,,14-05-2024,,17:18:01,,98935387
65,,riti,,14-05-2024,,17:20:38,,98935387
65,,riti,,14-05-2024,,17:21:23,,98935387
65,,riti,,14-05-2024,,17:25:03,,98935387
65,,riti,,14-05-2024,,17:28:31,,98935387
65,,riti,,14-05-2024,,17:29:20,,98935387
65,,riti,,14-05-2024,,17:34:50,,98935387
65,,riti,,14-05-2024,,17:36:13,,98935387
